id,user_name,user_location,user_description,user_created,user_followers,user_friends,user_favourites,user_verified,date,text,hashtags,source,retweets,favorites,is_retweet
1.34E+18,Rachel Roh,"La Crescenta-Montrose, CA","Aggregator of Asian American news; scanning diverse sources 24/7/365. RT's, Follows and 'Likes' will fuel me üë©‚Äçüíª",4/8/2009 17:52,405,1692,3247,FALSE,12/20/2020 6:06,Same folks said daikon paste could treat a cytokine storm #PfizerBioNTech https://t.co/xeHhIMg1kF,['PfizerBioNTech'],Twitter for Android,0,0,FALSE
1.34E+18,Albert Fong,"San Francisco, CA","Marketing dude, tech geek, heavy metal & '80s music junkie. Fascinated by meteorology and all things in the cloud. Opinions are my own.",9/21/2009 15:27,834,666,178,FALSE,12/13/2020 16:27,"While the world has been on the wrong side of history this year, hopefully, the biggest vaccination effort we've ev‚Ä¶ https://t.co/dlCHrZjkhm",,Twitter Web App,1,1,FALSE
1.34E+18,eliüá±üáπüá™üá∫üëå,Your Bed,"heil, hydra üñê‚ò∫",6/25/2020 23:30,10,88,155,FALSE,12/12/2020 20:33,#coronavirus #SputnikV #AstraZeneca #PfizerBioNTech #Moderna #Covid_19 Russian vaccine is created to last 2-4 years‚Ä¶ https://t.co/ieYlCKBr8P,"['coronavirus', 'SputnikV', 'AstraZeneca', 'PfizerBioNTech', 'Moderna', 'Covid_19']",Twitter for Android,0,0,FALSE
1.34E+18,Charles Adler,"Vancouver, BC - Canada","Hosting ""CharlesAdlerTonight"" Global News Radio Network. Weeknights 7 Pacific-10 Eastern - Email comments/ideas to charles@charlesadlertonight.ca",9/10/2008 11:28,49165,3933,21853,TRUE,12/12/2020 20:23,"Facts are immutable, Senator, even when you're not ethically sturdy enough to acknowledge them. (1) You were born i‚Ä¶ https://t.co/jqgV18kch4",,Twitter Web App,446,2129,FALSE
1.34E+18,Citizen News Channel,,Citizen News Channel bringing you an alternative news source from citizen journalists that haven't sold out. Real news & real views,4/23/2020 17:58,152,580,1473,FALSE,12/12/2020 20:17,Explain to me again why we need a vaccine @BorisJohnson @MattHancock #whereareallthesickpeople #PfizerBioNTech‚Ä¶ https://t.co/KxbSRoBEHq,"['whereareallthesickpeople', 'PfizerBioNTech']",Twitter for iPhone,0,0,FALSE
1.34E+18,Dee,"Birmingham, England","Gastroenterology trainee, Clinical Research Fellow in IBD, mother to human and fur baby, Canadian in Britain",1/26/2020 21:43,105,108,106,FALSE,12/12/2020 20:11,Does anyone have any useful advice/guidance for whether the COVID vaccine is safe whilst breastfeeding?‚Ä¶ https://t.co/EifsyQoeKN,,Twitter for iPhone,0,0,FALSE
1.34E+18,Gunther Fehlinger,"Austria, Ukraine and Kosovo","End North Stream 2 now - the pipeline of corruption, funding Russias war against Ukraine,Georgia, Syria and political intervention in USA and EU must be stopped",6/10/2013 17:49,2731,5001,69344,FALSE,12/12/2020 20:06,"it is a bit sad to claim the fame for success of #vaccination on patriotic competition between USA, Canada, UK and‚Ä¶ https://t.co/IfMrAyGyTP",['vaccination'],Twitter Web App,0,4,FALSE
1.34E+18,Dr.Krutika Kuppalli,,"ID, Global Health, VHF, Pandemic Prep, Emerging Infections, & Health Policy MD| U.S. Congress COVID-19 expert witness x 2 | ELBI 2020 @JHSPH_CHS",3/25/2019 4:14,21924,593,7815,TRUE,12/12/2020 20:04,"There have not been many bright days in 2020 but here are some of the best 
1. #BidenHarris winning #Election2020‚Ä¶ https://t.co/77u4f8XXfx","['BidenHarris', 'Election2020']",Twitter for iPhone,2,22,FALSE
1.34E+18,Erin Despas,,"Designing&selling on Teespring. Like 90s Disney tv movies, old school WWE. Dislikes Intolerance, hate, bigots and snakes https://t.co/fa5n4gEHgR",10/30/2009 17:53,887,1515,9639,FALSE,12/12/2020 20:01,"Covid vaccine; You getting it?

 #CovidVaccine #covid19 #PfizerBioNTech #Moderna","['CovidVaccine', 'covid19', 'PfizerBioNTech', 'Moderna']",Twitter Web App,2,1,FALSE
1.34E+18,Ch.Amjad Ali,Islamabad,"#ProudPakistani #LovePakArmy #PMIK @insafianspower1
#PoliticalScience #InternationalAffairs 
#PAKUSTV #Newyork #Islamabad",11/12/2012 4:18,671,2368,20469,FALSE,12/12/2020 19:30,"#CovidVaccine 

States will start getting #COVID19Vaccine Monday, #US says 
#pakustv #NYC #Healthcare #GlobalGoals‚Ä¶ https://t.co/MksOvBvs5w","['CovidVaccine', 'COVID19Vaccine', 'US', 'pakustv', 'NYC', 'Healthcare', 'GlobalGoals']",Twitter Web App,0,0,FALSE
1.34E+18,Tamer Yazar,Turkey-Israel,"Im Market Analyst, also Editor... working (freelance) for some companies that need analysis for their products in Int. Markets 
- Instagram :  tamervisits -",9/17/2009 16:45,1302,78,339,FALSE,12/12/2020 19:29,"while deaths are closing in on the 300,000 mark... millions of people wait #PfizerBioNTech #Vaccine !
-
The first U‚Ä¶ https://t.co/uQ3A2f7SVP","['PfizerBioNTech', 'Vaccine']",Twitter Web App,0,0,FALSE
1.34E+18,VoiceM,,campaigner & optimistic realist,8/31/2020 10:38,2,25,20,FALSE,12/12/2020 19:22,@cnnbrk #COVID19 #CovidVaccine #vaccine #Corona   #PfizerBioNTech #bbcnews #NYTimes #BBCNews Best wishes to the US‚Ä¶ https://t.co/9xWmfU3LZj,"['COVID19', 'CovidVaccine', 'vaccine', 'Corona', 'PfizerBioNTech', 'bbcnews', 'NYTimes', 'BBCNews']",Twitter Web App,0,0,FALSE
1.34E+18,WION,India,#WION: World Is One | Welcome to India‚Äôs first global news network. We present global stories with an Indian perspective. | https://t.co/V3tpBavoXE,3/21/2016 3:44,292510,91,7531,TRUE,12/12/2020 17:45,The agency also released new information for health care providers and for patients as the US shipped millions of d‚Ä¶ https://t.co/sG6BtD7jD9,,TweetDeck,0,18,FALSE
1.34E+18,Dr.Krutika Kuppalli,,"ID, Global Health, VHF, Pandemic Prep, Emerging Infections, & Health Policy MD| U.S. Congress COVID-19 expert witness x 2 | ELBI 2020 @JHSPH_CHS",3/25/2019 4:14,21924,593,7815,TRUE,12/12/2020 17:19,For all the women and healthcare providers who have been asking about the safety of the #PfizerBioNTech‚Ä¶ https://t.co/ow0Pglkwte,['PfizerBioNTech'],Twitter for iPhone,48,82,FALSE
1.34E+18,Opoyi,,"High-quality trusted conversations around news and information, in 12 languages.",1/13/2019 18:33,10332,49,16,FALSE,12/12/2020 17:10,"""Expect 145 sites across all the states to receive vaccine on Monday, another 425 sites on Tuesday,"" said the offic‚Ä¶ https://t.co/HiUVYJzOBY",,TweetDeck,0,0,FALSE
1.34E+18,City A.M.,"London, England","London's business newspaper - News, Opinion, and Analysis. For all distribution queries, see @CityAMDist.",6/9/2009 13:53,66224,603,771,TRUE,12/12/2020 16:00,"Trump announces #vaccine rollout 'in less than 24 hours'

The first Americans will be vaccinated against‚Ä¶ https://t.co/2FzQSMnhoY",['vaccine'],Twitter for iPhone,0,1,FALSE
1.34E+18,STOPCOMMONPASS.ORG,Global,"'Trust' is not carte-blanche for erosion of our liberty, privacy, & the pursuit of global control.",10/25/2020 20:33,406,176,479,FALSE,12/12/2020 15:59,"UPDATED: #YellowFever &amp; #COVID19 #ImmunityPassports - Part Two

#SARSCoV2 #PfizerBioNtech #Britain #December‚Ä¶ https://t.co/qKT7Rst9aW","['YellowFever', 'COVID19', 'ImmunityPassports', 'SARSCoV2', 'PfizerBioNtech', 'Britain', 'December']",Twitter Web App,2,2,FALSE
1.34E+18,ILKHA,T√ºrkiye,Official Twitter account of Ilke News Agency /,5/22/2015 8:31,4056,6,3,TRUE,12/12/2020 15:38,"Coronavirus: Iran reports 8,201 new cases, 221 deaths in the last 24 hours #Iran #coronavirus #PfizerBioNTech‚Ä¶ https://t.co/mwDNAdmb7F","['Iran', 'coronavirus', 'PfizerBioNTech']",TweetDeck,3,5,FALSE
1.34E+18,Braderz73üåπ#GTTO üá™üá∫ üá¨üáß,"Bristol, UK","One of those lefty types, I believe in a fairer future for all. I also luv throwin' myself down steep trails on my MTB! Ex-Labour.

#DisabilityRights",7/24/2012 8:18,6430,6292,45007,FALSE,12/12/2020 15:27,.@Pfizer will rake in billions from its expensive #CovidVaccine but @AlbertBourla refuses to cut the price for lowe‚Ä¶ https://t.co/eC94w3TUl0,['CovidVaccine'],Twitter for Android,3,3,FALSE
1.34E+18,Alex Vie,"Los Angeles, CA",Marine vet. Yogi. Krav Maga. Runner. Climber. Cyclist. üì∑: artificer.vx üëª: QxGambit,1/24/2010 4:43,125,442,5401,FALSE,12/12/2020 15:10,"The trump administration failed to deliver on vaccine promises, *shocker* #COVIDIOTS #coronavirus #CovidVaccine‚Ä¶ https://t.co/hew6eHTUrD","['COVIDIOTS', 'coronavirus', 'CovidVaccine']",Twitter for iPhone,0,0,FALSE
1.34E+18,Mani,,,10/10/2019 13:41,26,33,2515,FALSE,12/12/2020 15:00,How much did the #fda get paid to approve this all of a sudden now? money makes the world go around. #vaccine‚Ä¶ https://t.co/GT9qVVNbKj,"['fda', 'vaccine']",Twitter Web App,0,0,FALSE
1.34E+18,"Richard Dunne, MD","Rochester, NY","Husband, Girl Dad, GI Oncologist @wilmotcancer w/ research focus in #cachexia, weight loss, #pancreaticcancer & love of sport, @notredame alum, tweets my own",4/23/2012 12:18,1982,608,9110,FALSE,12/12/2020 14:59,Anyone wondering why day after #PfizerBioNTech approval in the UK people were getting vaccinated but all we are tol‚Ä¶ https://t.co/tPSyL9CUYE,['PfizerBioNTech'],Twitter for iPhone,0,2,FALSE
1.34E+18,City A.M.,"London, England","London's business newspaper - News, Opinion, and Analysis. For all distribution queries, see @CityAMDist.",6/9/2009 13:53,66224,603,771,TRUE,12/12/2020 14:59,"Trump announces #vaccine rollout 'in less than 24 hours'

The first Americans will be vaccinated against‚Ä¶ https://t.co/P9esXr3zpS",['vaccine'],Buffer,1,0,FALSE
1.34E+18,BOOM Live,"Mumbai, India","IFCN certified fact-driven journalism. India's first independent online resource to fight misinformation, explain issues and keep the internet safe",3/16/2014 3:52,64185,1183,1794,TRUE,12/12/2020 14:58,The US Food and Drug Administration (FDA) has granted emergency use authorization to Pfizer-BioNTech's mRNA‚Ä¶ https://t.co/dPLokxGtBa,,Twitter Web App,1,5,FALSE
1.34E+18,DOCNOS Official,,An Innovative Healthtech Start-up creating unique solutions.,11/10/2020 16:53,7,0,5,FALSE,12/12/2020 14:46,"Presenting you the top Medical News/Advancement of the past week you don't want to miss!

#docnosofficial #covid19‚Ä¶ https://t.co/qOd5TPLYvA","['docnosofficial', 'covid19']",Twitter Web App,0,3,FALSE
1.34E+18,Devan Surendran,"Nottingham, England","NHS Doctor | Singer | Travel, nature and dog lover!",1/16/2010 23:59,116,86,268,FALSE,12/12/2020 14:43,"No.1 of 2 done.

#ThankYouNHS @NHSuk @MHRAgovuk and #PfizerBioNTech @pfizer for making the #CovidVaccine dream poss‚Ä¶ https://t.co/3KvJ7UP432","['ThankYouNHS', 'PfizerBioNTech', 'CovidVaccine']",Twitter Web App,1,10,FALSE
1.34E+18,Tamer Yazar,Turkey-Israel,"Im Market Analyst, also Editor... working (freelance) for some companies that need analysis for their products in Int. Markets 
- Instagram :  tamervisits -",9/17/2009 16:45,1302,78,339,FALSE,12/12/2020 14:42,"Wear a mask, wash your hands, and remain socially distant when possible. #stayhome #StayAtHome #StayAtHomeSaveLives‚Ä¶ https://t.co/Jrlrg6bm0w","['stayhome', 'StayAtHome', 'StayAtHomeSaveLives']",Twitter Web App,0,0,FALSE
1.34E+18,Michael Finn,"Crete, Greece","Hellenic National Healthcare, Agios Nikolaos General Hospital, bassist & guitarist    e-mail:finnmike@ymail.com",10/17/2011 19:03,151,235,838,FALSE,12/12/2020 14:41,"‚Å¶@AvgerinosMoscow‚Å© #PfizerBioNTech #FDA approval Apprentice Style!
‚Å¶@realDonaldTrump‚Å©: ‚ÄúApprove the #vaccine or you‚Ä¶ https://t.co/f64cOP5DV6","['PfizerBioNTech', 'FDA', 'vaccine']",Twitter for iPad,0,0,FALSE
1.34E+18,Emiliano Pacelli,"Rome, Italy",#IBMCloud and #AIApplications passionate helping companies #B2BCollaboration and #SupplyChain innovation. Retweets/likes aren't endorsements.Opinion are my owns,7/29/2019 20:03,75,291,685,FALSE,12/12/2020 14:26,"Interesting and very detailed article showing up how a well tested #supplychain, with #sharedvisibility will help d‚Ä¶ https://t.co/yt3vn67mVg","['supplychain', 'sharedvisibility']",Twitter for iPad,0,0,FALSE
1.34E+18,ü¶ëDr. Kraken-Elect Lipstick üíã,Not Today ,Married. National news investigative/independent contributor #StandWithIsrael #StandWithTrump #BackTheBlue üëâüèºOn PARLER @LipstickPrime üö´ DM‚Äôs for tips only.,6/1/2011 17:10,5166,5228,19389,FALSE,12/12/2020 14:11,üíâ #Vaccine #TrumpVaccine #AstraZeneca #PfizerBioNTech #Pfizervaccine #PfizerCovidVaccine  #Pfizer's COVID-19 belong‚Ä¶ https://t.co/ldxQhN6uix,"['Vaccine', 'TrumpVaccine', 'AstraZeneca', 'PfizerBioNTech', 'Pfizervaccine', 'PfizerCovidVaccine', 'Pfizer']",Twitter for iPhone,0,0,FALSE
1.34E+18,Andy Thomas,London,Retweets not necessarily endorsements.,3/7/2009 20:39,1151,4301,95963,FALSE,12/12/2020 14:04,"@ZubyMusic 6 deaths so far. 
It's only death, nothing to worry about then ü§î
#CovidVaccines
#Pfizervaccine‚Ä¶ https://t.co/HkGTDM5J3f","['CovidVaccines', 'Pfizervaccine']",Twitter for Android,0,2,FALSE
1.34E+18,Isabel Winnwa,"Berlin, Germany","Into (EU) politics, books, sports & all things science. Political scientist. @FU_Berlin & @scriptsberlin. Tweets & opinions are personal.",3/30/2020 13:47,230,652,6098,FALSE,12/12/2020 13:56,@sbnumb3 @nytimes Please don‚Äôt spread fake news! There is no evidence that these cases are linked to the‚Ä¶ https://t.co/bMcAhIPR5g,,Twitter for iPhone,0,3,FALSE
1.34E+18,Contagion,"Cranbury, NJ","Providing timely news to improve the diagnosis, treatment, and prevention of infectious diseases.",1/29/2016 15:54,5998,815,5867,FALSE,12/12/2020 13:00,"#ICYMI The #FDA Authorized the #PfizerBioNTech #COVID19 #Vaccine for the United States last night

https://t.co/CtYGB3fNnE","['ICYMI', 'FDA', 'PfizerBioNTech', 'COVID19', 'Vaccine']",TweetDeck,0,1,FALSE
1.34E+18,Rob of the Green,"Cork, Ireland","In Pursuit of Betterness. I'm doing my bit to help others (& myself) get there, 1% at a time. Check out the podcasts, videos & words | Real me - @robodonohue",12/16/2016 20:29,2149,1812,17175,FALSE,12/12/2020 12:54,All respect to due process but why not give approval now instead of the 29th of December. Surely multiple other cou‚Ä¶ https://t.co/Xv0SRv1Ukw,,Twitter for iPhone,0,0,FALSE
1.34E+18,Rajat Kotra,"London, England","Ever-curious polymath,#global leader#startups#entrepreneurr#Digital#Analytics#AI#bigdata#IoT#fitness#trekking#singlemalt#meditation:doting dad;views personal",12/3/2009 12:03,754,917,220,FALSE,12/12/2020 12:54,Vaccine!! Anyone?? #covid #Pfizervaccine #PfizerBioNTech https://t.co/b9ZKwnlIkX,"['covid', 'Pfizervaccine', 'PfizerBioNTech']",Twitter for Android,0,0,FALSE
1.34E+18,Shahjhan Malik | #WearAMask,"Nottinghamshire, England",Solicitor.Dual Qualified.Single Parent Of 2 Amazing Boys. HR activist.Occasionally Write 4 @geonews_english @thenews_intl.Pursuing Justice Until Justice Is Done,6/22/2017 6:22,41708,2868,47862,FALSE,12/12/2020 12:42,"An immigrant Muslim couple find the COVID-19 Vaccine. 

#CovidVaccine #PfizerBioNTech #Pfizervaccine #PfizerProud","['CovidVaccine', 'PfizerBioNTech', 'Pfizervaccine', 'PfizerProud']",Twitter for iPhone,2,37,FALSE
1.34E+18,John Berry,,English (not British or European) beer swilling northerner can argue with myself don't give a f about anything,10/13/2020 15:21,2,0,0,FALSE,12/12/2020 12:26,"The #FDA finally issues #EUA now comes the problem transporting this #PfizerBioNTech vaccine, needs to be kept at -‚Ä¶ https://t.co/NvaGyoo2yD","['FDA', 'EUA', 'PfizerBioNTech']",Twitter Web App,0,0,FALSE
1.34E+18,Farooq Anees,"ÿØÿ®Ÿä, ÿßŸÑÿßŸÖÿßÿ±ÿßÿ™ ÿßŸÑÿπÿ±ÿ®Ÿäÿ© ÿßŸÑŸÖÿ™ÿ≠ÿØÿ©",Somethings are better not be disclosed.... \o/,12/23/2010 11:51,293,319,165,FALSE,12/12/2020 12:20,"Ladies and Gentlemen, now we have #CovidVaccine experts in each and every household of #Pakistan #PfizerBioNTech #oxfordvaccine ü§¶‚Äç‚ôÇÔ∏è","['CovidVaccine', 'Pakistan', 'PfizerBioNTech', 'oxfordvaccine']",Twitter for Android,0,0,FALSE
1.34E+18,KHuntson,USAüá∫üá∏,"RN, health educator, writer, researcher, wife, mom, truth-seeker. Covid-19 is a crime against humanity. There is no such thing as a risk-free world.",1/31/2014 1:25,2035,1672,6734,FALSE,12/12/2020 12:19,"FACT SHEET FOR HEALTHCARE PROVIDERS ADMINISTERING VACCINE

#PfizerBioNTech 
#CovidVaccine 

https://t.co/xRaOiACZSD","['PfizerBioNTech', 'CovidVaccine']",Twitter Web App,0,0,FALSE
1.34E+18,"Party politics isn't working for anyone, anywhere","Wales, United Kingdom","No lie to another is respectful; no lie to yourself is healthy.   ""Official lies"" should mean ""Official jail""",8/3/2016 20:11,761,504,33675,FALSE,12/12/2020 12:19,@mirekR9 @sputnikvaccine @AstraZeneca check out table 23 of this and other tables too because it took the penny a w‚Ä¶ https://t.co/5r6ibs8Jm8,,Twitter Web App,0,0,FALSE
1.34E+18,"Party politics isn't working for anyone, anywhere","Wales, United Kingdom","No lie to another is respectful; no lie to yourself is healthy.   ""Official lies"" should mean ""Official jail""",8/3/2016 20:11,761,504,33675,FALSE,12/12/2020 12:16,"@mirekR9 @sputnikvaccine @AstraZeneca it's the only one which doesn't have any side effects 

the #PfizerBioNTech a‚Ä¶ https://t.co/IWELAATAmd",['PfizerBioNTech'],Twitter Web App,0,0,FALSE
1.34E+18,KHuntson,USAüá∫üá∏,"RN, health educator, writer, researcher, wife, mom, truth-seeker. Covid-19 is a crime against humanity. There is no such thing as a risk-free world.",1/31/2014 1:25,2035,1672,6734,FALSE,12/12/2020 12:16,"FACT SHEET FOR RECIPIENTS AND CAREGIVERS

#PfizerBioNTech 
#CovidVaccine 

https://t.co/V0mn08VTwj","['PfizerBioNTech', 'CovidVaccine']",Twitter Web App,0,0,FALSE
1.34E+18,mystic,,I believe in the goodness of humanity.,5/20/2020 10:57,14,162,1341,FALSE,12/12/2020 12:12,#CovidVaccine #Pfizer-BioNTech COVID-19 #PfizerBioNTech #COVID19 #CapeTown https://t.co/uCpwv0S4nl,"['CovidVaccine', 'Pfizer', 'PfizerBioNTech', 'COVID19', 'CapeTown']",Twitter for iPhone,0,1,FALSE
1.34E+18,City A.M.,"London, England","London's business newspaper - News, Opinion, and Analysis. For all distribution queries, see @CityAMDist.",6/9/2009 13:53,66224,603,771,TRUE,12/12/2020 11:59,"Trump announces #vaccine rollout 'in less than 24 hours'

The first Americans will be vaccinated against‚Ä¶ https://t.co/6379SZjNQi",['vaccine'],Twitter Web App,0,2,FALSE
1.34E+18,Daily News Egypt,Egypt,Egypt's Only Daily Independent Newspaper in English,4/26/2009 7:56,278080,116,765,TRUE,12/12/2020 11:55,"#FDA authorizes #PfizerBioNTech #coronavirus vaccine for emergency use
https://t.co/VZ6bDPbbPG","['FDA', 'PfizerBioNTech', 'coronavirus']",Twitter Web App,1,1,FALSE
1.34E+18,IP_Man,America,"One Man, 
With One Statistically Impossible Graph,
The Republic Of The United States At Stake, 
You Need To Wake Up Friends Neighbors To The Fact They CHEATED!",6/21/2012 1:41,625,477,14475,FALSE,12/20/2020 8:15,"When The #CovidVaccine 
Poisons Enough Of The LEFT With ""Side Effects"" Like #BellsPalsy Or ‚ò†Ô∏è As They Are Flocking‚Ä¶ https://t.co/mGNvf2XT8i","['CovidVaccine', 'BellsPalsy']",Twitter Web App,0,0,FALSE
1.34E+18,tango,,,9/17/2020 10:03,40,94,9737,FALSE,12/19/2020 14:31,@realDonaldTrump Dairy dose of dumbsville by #DonTheCon #GrifterInChief #TrumpForPrison #TrumpCrimeFamily #COVID‚Ä¶ https://t.co/gyiCvTuMOP,"['DonTheCon', 'GrifterInChief', 'TrumpForPrison', 'TrumpCrimeFamily', 'COVID']",Twitter for Android,0,0,FALSE
1.34E+18,Vishwas Gaitonde,,"A man of the quill & of the pill / Of pens & syringes, say what you will / Writes fiction & essays & medical tomes / I wonder if one day he'll also write poems",9/30/2012 20:00,1162,239,4514,FALSE,12/19/2020 3:00,The US #FDA has approved two #coronavirus vaccines: #PfizerBioNTech &amp; #Moderna. Over 200 #vaccines are being develo‚Ä¶ https://t.co/6lboJqT9mn,"['FDA', 'coronavirus', 'PfizerBioNTech', 'Moderna', 'vaccines']",Twitter Web App,0,0,FALSE
1.34E+18,Euranet Plus,The European Union,The leading radio network for EU news,3/29/2013 13:30,6006,3551,3954,FALSE,12/18/2020 11:11,"As @EMA_News gets set to approve #PfizerBioNTech #vaccine, roll-out preparations pick up pace across #EU. Meanwhile‚Ä¶ https://t.co/uWiv1SypWg","['PfizerBioNTech', 'vaccine', 'EU']",Twitter Web App,2,0,FALSE
1.34E+18,IP_Man,America,"One Man, 
With One Statistically Impossible Graph,
The Republic Of The United States At Stake, 
You Need To Wake Up Friends Neighbors To The Fact They CHEATED!",6/21/2012 1:41,625,477,14475,FALSE,12/18/2020 6:38,"COVID-19: News and updates
public questioned whether he actually received the shot.
Video footage appeared to show‚Ä¶ https://t.co/lBc2PJ2b9l",,Twitter Web App,0,0,FALSE
1.34E+18,Love Truth Faith ‚ù§Ô∏è,,Spiritual warrior. Love is my weapon. Truth is my ammo. Faith is my shield. Former Lib #WalkAway. #MAGA is the way. #KAG is love. Positive vibrations üé∂üïâÔ∏è‚ù§Ô∏è,11/9/2017 23:25,220,1143,2386,FALSE,12/16/2020 15:15,Tragedy. Another life taken by corporate greed and the evil pharmaceutical companies. #vaccination #vaccine‚Ä¶ https://t.co/1YcShyQpR6,"['vaccination', 'vaccine']",Twitter Web App,0,0,FALSE
1.34E+18,Dr. Taha Khan,India | USA,MD/MPH ‚Ä¢ PGY1 Peds/Child Neurology @theBCRP (@The_BMC + @BostonChildrens) ‚Ä¢ #ClassOf2020 VP @HarvardChanSPH ‚Ä¢ @DalMedSchool alum ‚Ä¢ CEO @ChildAwarePro |Views own,12/30/2013 8:51,855,3046,8236,FALSE,12/14/2020 23:48,"I‚Äôve never been so excited to get a vaccine üíâüíâüíâ

#CovidVaccine #PfizerBioNTech #VaccinesSaveLives #VaccinesWork https://t.co/tCylgwmUO3","['CovidVaccine', 'PfizerBioNTech', 'VaccinesSaveLives', 'VaccinesWork']",Twitter for iPhone,1,10,FALSE
1.34E+18,KaileyBen-Sassi,"Wales, United Kingdom","Specialist antimicrobial & lead OPAT pharmacist, e-Bug educator & enthusiast, independent prescriber BCUHB. Wife of one, mother of three plus üêïViews are my own",10/14/2011 19:27,304,558,1032,FALSE,12/14/2020 23:14,Building on last week‚Äôs ‚Äòtrial‚Äô run and extending our vaccination üíâ programme this week . So much effort going on b‚Ä¶ https://t.co/Wsaup80aFs,,Twitter for iPhone,1,16,FALSE
1.34E+18,theDove,"Medford, OR",theDove | Radio | TV | Online | Mobile Providing Hope | Affirming Faith,11/24/2009 18:02,649,439,342,FALSE,12/14/2020 23:13,"The first COVID-19 vaccine doses have arrived in Oregon.  

Watch #MorningsontheDove from 6am -9am tomorrow for det‚Ä¶ https://t.co/eNy64xR7KX",['MorningsontheDove'],TweetDeck,1,0,FALSE
1.34E+18,Iran International English,"London, UK",The first 24/7 hours Persian News Channel | Official English account of @IranIntl,8/12/2018 22:29,17943,4,7,TRUE,12/14/2020 23:00,#Iran has told the World Health Organization it does not intend to import the #PfizerBioNTech Covid-19 #vaccine bec‚Ä¶ https://t.co/sJM874Mkc7,"['Iran', 'PfizerBioNTech', 'vaccine']",TweetDeck,0,2,FALSE
1.34E+18,"Nicole Van Groningen, MD","Los Angeles, CA","Assistant Professor of Medicine and Hospitalist at @CedarsSinai. Freelance writer. Tweets on health, wellness, advocacy, and COVID19. #WearAMask.",8/2/2014 2:30,1946,807,1031,FALSE,12/14/2020 22:55,Concerned about the side effects of the #PfizerBioNTech #COVID19 vaccine?  Check out my recap üëáüèº https://t.co/P6yfRwS3Fq,"['PfizerBioNTech', 'COVID19']",Twitter for iPhone,1,7,FALSE
1.34E+18,Karthik Raja,"Chicago, IL",Data Scientist and Photographer combining science and art in pursuit of a #BeautifulWorld,4/20/2010 4:22,227,243,470,FALSE,12/14/2020 22:41,"Such a great feeling. A big thank you to all the healthcare professionals; scientists, nurses, doctors, caregivers.‚Ä¶ https://t.co/tR4DUVl5Ud",,Twitter for Android,0,3,FALSE
1.34E+18,Kris LaGrange,"LI, NYC, NJ, PA, NE, USA",UCOMM Blog aggregates activist news you can use from the people who work and organize every day on https://t.co/PjMpFcwoQY and produces a weekly Live podcast.,1/27/2011 21:42,24686,6077,2994,FALSE,12/14/2020 22:32,"Members of the @teamsters delivered the first #COVID19Vaccine this morning
#teamsters
#UPS
#COVID19 
#Pfizer‚Ä¶ https://t.co/Ms3N1s9OES","['COVID19Vaccine', 'teamsters', 'UPS', 'COVID19', 'Pfizer']",Twitter Web App,8,18,FALSE
1.34E+18,"Katharine Liang, MD, PhD","Seattle, WA","Psychiatry chief resident studying stress @UWMedicine @UWPsychiatry ‚Ä¢ @UNC_SOM ‚Ä¢ #MedTwitter #PsychTwitter #doubledocs ‚Ä¢ mother, violinist, adventurer",12/22/2018 6:43,374,486,1790,FALSE,12/14/2020 22:25,Getting my first dose of the #PfizerBioNTech #CovidVaccine next weekend and seeing this #UNBOXING just made it so r‚Ä¶ https://t.co/Y6Bqj5KRFR,"['PfizerBioNTech', 'CovidVaccine', 'UNBOXING']",Twitter for iPhone,0,2,FALSE
1.34E+18,Roger Simmons,Ontario,,1/3/2020 22:29,8,37,658,FALSE,12/14/2020 22:11,Will you be taking the COVID-19 vaccine once available to you? #COVID19 #Pfizer #BioNTech #vaccine #PfizerBioNTech‚Ä¶ https://t.co/bl7IiCeCCU,"['COVID19', 'Pfizer', 'BioNTech', 'vaccine', 'PfizerBioNTech']",Twitter for iPhone,0,0,FALSE
1.34E+18,Joanbeam3000,La Belle Province,"Be yourself, everyone else is already taken. ~ Oscar Wilde     #Twinja",10/6/2014 4:28,2597,4988,338282,FALSE,12/14/2020 21:41,"@FarAndWide @erinotoole @MichelleRempel That Rempel-Trudeau exchange had to be seen to be believed. (I saw it, too)‚Ä¶ https://t.co/6FAgcNZ1bL",,Twitter Web App,0,4,FALSE
1.34E+18,H24,,"Go for breaking news and find what‚Äôs happening in the world experts,live and opinions.",6/19/2020 23:58,403,22,3001,FALSE,12/14/2020 21:33,#PfizerBioNTech New York state administered its first non-trial vaccine this morning to a health care worker. The P‚Ä¶ https://t.co/FBY1lqLIM8,['PfizerBioNTech'],TweetDeck,3,3,FALSE
1.34E+18,Trudeau Kabuki üé≠ üêµ ü§° ‚òª,Moronto City Of #Morons Canada,"Anti-Trudeau #FireTrudeau #TraitorTrudeau
#TrudeauDictatorship #TrudeauCorruption 
Potus2020ü•äü•äü•ä
Views are my own.",1/15/2018 22:24,1070,1191,50770,FALSE,12/14/2020 21:28,"@CPHO_Canada #PfizerBioNTech = Female Sterilization üí•üí•üí•

#Pfizer =Untested No Liabilities 

#CrimesAgainstHumanity https://t.co/4TIvt3JEVn","['PfizerBioNTech', 'Pfizer', 'CrimesAgainstHumanity']",Twitter Web App,0,0,FALSE
1.34E+18,Trudeau Kabuki üé≠ üêµ ü§° ‚òª,Moronto City Of #Morons Canada,"Anti-Trudeau #FireTrudeau #TraitorTrudeau
#TrudeauDictatorship #TrudeauCorruption 
Potus2020ü•äü•äü•ä
Views are my own.",1/15/2018 22:24,1070,1191,50770,FALSE,12/14/2020 21:24,@CPHO_Canada Key #crushCovid milestone achieved with shutting down &amp; #CoverUp of #PfizerBioNTech      untested No L‚Ä¶ https://t.co/H5Sh5wspqs,"['crushCovid', 'CoverUp', 'PfizerBioNTech']",Twitter Web App,0,2,FALSE
1.34E+18,Emily Manley,"Jefferson City, MO",#MO Chief Capitol reporter for @FOX2now @KPLR11 @fox4kc @KSNLocalNews @kolr10kozl @KODENews - @UISedu PAR & @WesternILUniv Alum - #STLCards & #STLBlues fan,12/19/2012 8:19,1494,1646,20205,FALSE,12/14/2020 21:18,#INBOX | @GovParsonMO says shipments of the #PfizerBioNTech vaccine will continue to ship to Missouri‚Äôs 21 vaccinat‚Ä¶ https://t.co/w5xqB5gbW3,"['INBOX', 'PfizerBioNTech']",Twitter for iPhone,5,3,FALSE
1.34E+18,"4 Luv Of Lambs, Lurchers, Hedgehogs",Hawaii & HongKong ,Respect1Another|HI.TIDE|Advocacy4Voiceless‚ôøÔ∏è Laugh Daily. SpirulinaJunkie.If like:R/T,12/15/2017 11:03,542,2537,9157,FALSE,12/14/2020 21:18,@NYGovCuomo @CMargaronis @pfizer @UPS ?? #PfizerBioNTech are Germany based. ?..lets just hope the small numbers are‚Ä¶ https://t.co/WWk28dHogd,['PfizerBioNTech'],Twitter for iPad,0,1,FALSE
1.34E+18,H24,,"Go for breaking news and find what‚Äôs happening in the world experts,live and opinions.",6/19/2020 23:58,403,22,3001,FALSE,12/14/2020 21:11,"ICU nurse Sandra Lindsay said she was 'very proud,' after becoming one of the first Americans to receive the Pfizer‚Ä¶ https://t.co/5JY1g7whhV",,Twitter Media Studio,3,3,FALSE
1.34E+18,Joanbeam3000,La Belle Province,"Be yourself, everyone else is already taken. ~ Oscar Wilde     #Twinja",10/6/2014 4:28,2597,4988,338282,FALSE,12/14/2020 21:02,"@FarAndWide @erinotoole @MichelleRempel :: Screenshot #2 of that #QP exchange ::

Unfortunately, Hansard does not c‚Ä¶ https://t.co/e4IVaggplj",['QP'],Twitter Web App,1,5,FALSE
1.34E+18,Susan Kirchdoerffer,"wilmington,de","Physician, entrepreneur, lover of chocolate, reality show junkie, passport on the ready.",4/16/2009 18:40,267,590,15591,FALSE,12/14/2020 20:53,@MeghanMcCain As a physician currently with covid I cried.  #VaccinesSaveLives #PfizerBioNTech,"['VaccinesSaveLives', 'PfizerBioNTech']",Twitter for iPhone,0,1,FALSE
1.34E+18,Joanbeam3000,La Belle Province,"Be yourself, everyone else is already taken. ~ Oscar Wilde     #Twinja",10/6/2014 4:28,2597,4988,338282,FALSE,12/14/2020 20:52,"@dwain_campbell Unfortunately, Hansard does not capture all the aggro finger-pointing and desk-thumping that were/a‚Ä¶ https://t.co/RbPKbFgPDE",,Twitter Web App,0,0,FALSE
1.34E+18,Thread Reader Unroll Helper,,I'm a ü§ñ bot that helps @threadreaderapp reply requests to unroll Twitter threads.,2/12/2019 19:37,9116,2,2,FALSE,12/14/2020 20:37,"@CdnAdvocacy Hallo, the unroll you asked for: @CdnAdvocacy: 1- #UK #NHS #MHRA Updated #COVIDvaccine clinical guidel‚Ä¶ https://t.co/GPDMc9exwV","['UK', 'NHS', 'MHRA', 'COVIDvaccine']",ThreadReaderApp,0,0,FALSE
1.34E+18,Joanbeam3000,La Belle Province,"Be yourself, everyone else is already taken. ~ Oscar Wilde     #Twinja",10/6/2014 4:28,2597,4988,338282,FALSE,12/14/2020 20:21,"@fordnation Odd verb choice there, Doug.

You were on hand to observe -- to welcome, as Anita Anand put it -- under‚Ä¶ https://t.co/mceUWV0ly4",,Twitter Web App,0,7,FALSE
1.34E+18,India Grace McAlister,Toronto ,Cat Mom. india.mcalister@cbc.ca - Hit me up if you have any stories about Canadian kids! @cbckidsnews,11/22/2016 21:13,471,2823,52273,FALSE,12/14/2020 20:15,"The first Ontarian was vaccinated just minutes later. A PSW, Anita Quidangen in Toronto.

#PfizerBioNTech‚Ä¶ https://t.co/VX9cisW1kf",['PfizerBioNTech'],Twitter Web App,0,1,FALSE
1.34E+18,Trudeau Kabuki üé≠ üêµ ü§° ‚òª,Moronto City Of #Morons Canada,"Anti-Trudeau #FireTrudeau #TraitorTrudeau
#TrudeauDictatorship #TrudeauCorruption 
Potus2020ü•äü•äü•ä
Views are my own.",1/15/2018 22:24,1070,1191,50770,FALSE,12/14/2020 20:14,"@PattyHajdu Would  you take the vaccine?
Listen to the expert üí•üí•

#PfizerBioNTech = Untested‚Ä¶ https://t.co/ho7JOADrIV",['PfizerBioNTech'],Twitter Web App,0,1,FALSE
1.34E+18,Flying Magazine,,The world's most widely read aviation magazine.,4/19/2010 18:44,64653,1247,15785,FALSE,12/14/2020 20:07,"Over the weekend, the #FAA issued guidance for pilots following use of the new #PfizerBioNTech #vaccine for‚Ä¶ https://t.co/xFOCcWw0Wj","['FAA', 'PfizerBioNTech', 'vaccine']",Twitter for iPhone,1,5,FALSE
1.34E+18,Prof. Manish Thakur,India,#Proprietor English Academy #Blockchain #AI #IoT #Fintech #BigData #AR #VR #ML #finserv #iiot #cryptocurrencies #finance  #spotifypodcast - The Alchemist Reads,6/11/2012 13:50,3372,1713,119631,FALSE,12/14/2020 20:00,#UgurSahin #ozlemtureci the #Muslim Scientists Husband-Wife are saving the world with their #PfizerBioNTech‚Ä¶ https://t.co/g5zKRNrxMu,"['UgurSahin', 'ozlemtureci', 'Muslim', 'PfizerBioNTech']",Twitter for Android,0,0,FALSE
1.34E+18,Graeme Schwindt,"Toronto, Ontario",Family Doctor,6/30/2015 1:09,141,289,3982,FALSE,12/14/2020 19:59,Surprised to learn those with autoimmune conditions or otherwise immunosuppressed are advised not to receive the‚Ä¶ https://t.co/d5C5MbwsvB,,Twitter for iPhone,0,0,FALSE
1.34E+18,Joanbeam3000,La Belle Province,"Be yourself, everyone else is already taken. ~ Oscar Wilde     #Twinja",10/6/2014 4:28,2597,4988,338282,FALSE,12/14/2020 19:55,"@FarAndWide @erinotoole Or how about Erin O'Toole's hand-picked Health Critic, @MichelleRempel, going even further‚Ä¶ https://t.co/355kTKmhGJ",,Twitter Web App,17,26,FALSE
1.34E+18,Toni Kappesz,BERLIN,,6/8/2009 12:38,221,483,58673,FALSE,12/14/2020 19:54,"Where did the #WarpSpeed money go, if not to the covid pioneers #PfizerBioNTech and #Moderna? Asking for a friend - #GrifterTrump klan","['WarpSpeed', 'PfizerBioNTech', 'Moderna', 'GrifterTrump']",Twitter for iPhone,0,0,FALSE
1.34E+18,AcceGen,"New Jersey, USA",AcceGen developed significant expertise in cell and genomic research.üß´üß¨,8/28/2017 7:03,12,63,19,FALSE,12/14/2020 19:52,"How the #PfizerBioNTech Vaccine Works?
This article made a detailed explanation.üëá
https://t.co/srgcHyBLk4

#COVID19‚Ä¶ https://t.co/t1nIsSQtTr","['PfizerBioNTech', 'COVID19']",Twitter Web App,0,0,FALSE
1.34E+18,kristingreenwood, ,"Artist & F1 fanatic inspired by my travels and love of motorsport - For my motorsport art check out  @MTRSportArtist
#KBF
 #Art #Photography  #motorsport #f1",8/8/2014 2:31,2858,2841,5673,FALSE,12/14/2020 19:40,@SkyNews It is a new type of vaccine. That man is so daft it hurts my ears listening to him.  The biggest question‚Ä¶ https://t.co/zhfsh0trOl,,Twitter Web App,0,0,FALSE
1.34E+18,Joanbeam3000,La Belle Province,"Be yourself, everyone else is already taken. ~ Oscar Wilde     #Twinja",10/6/2014 4:28,2597,4988,338282,FALSE,12/14/2020 19:38,"@theJagmeetSingh üôãüèº‚Äç‚ôÄÔ∏è Did you actually read the Global News article, Jagmeet?

This tweet -- embedded therein -- j‚Ä¶ https://t.co/DS1age9lzt",,Twitter Web App,2,3,FALSE
1.34E+18,Karleigh Stone,"Sacramento, CA","Show Producer at @ABC10
@MedillSchool @NorthwesternU Alum
Happiest while traveling, on the beach, at Disney, playing softball, and snuggling my fur babies.",4/5/2012 1:44,340,722,7186,FALSE,12/14/2020 19:31,FIRST U.S. COVID-19 VACCINATIONS TODAY üôåüèª Thank you to everyone stepping up and getting it.  #CovidVaccine‚Ä¶ https://t.co/mAdfhhQQhS,['CovidVaccine'],Twitter for Android,0,0,FALSE
1.34E+18,TheAfroNews-TAN,"Vancouver, BC, Canada",TheAfroNews-TAN Bridging Cultures Through Communication Print -Online -Digital Media,5/11/2009 19:13,1547,2625,511,FALSE,12/14/2020 19:27,"#AnitaQuidangen, a personal support worker in #Toronto, became one of the first people in #Canada to receive a‚Ä¶ https://t.co/bgbOIL12Hp","['AnitaQuidangen', 'Toronto', 'Canada']",Twitter Web App,0,0,FALSE
1.34E+18,Genevieve Reaume,"Oregon, USA",Emmy-award winning @KATUnews reporter ‚Ä¢ shootin' for the moon ‚Ä¢ #miz ‚Ä¢ #pdx ‚Ä¢ formerly @kdrv & @komunews ‚Ä¢ tweets are my own.,6/22/2015 18:41,4276,1704,5877,TRUE,12/14/2020 19:26,"The state is supposed to get 35,100 doses total of the #PfizerBioNTech vaccine this week.
The remained 30,225 will‚Ä¶ https://t.co/c8wzudbpUT",['PfizerBioNTech'],Twitter Web App,0,0,FALSE
1.34E+18,Evan J. Lancaster,LA | OC ,"Journalist covering Irvine | @LAWeekly | Cat dad | @CSUF, @Foodbeast, @Tastemade, @OCRegister, @TheDailyTitan alumnus üìß Evan@Laweekly.com",3/20/2009 3:11,401,1306,1621,FALSE,12/14/2020 19:23,"#OrangeCounty will get 25K doses of  #PfizerBioNTech Vaccine by Wednesday Dec. 15, @ochealth confirms. 

https://t.co/ma71oNZu6w","['OrangeCounty', 'PfizerBioNTech']",Twitter for iPhone,0,1,FALSE
1.34E+18,Genevieve Reaume,"Oregon, USA",Emmy-award winning @KATUnews reporter ‚Ä¢ shootin' for the moon ‚Ä¢ #miz ‚Ä¢ #pdx ‚Ä¢ formerly @kdrv & @komunews ‚Ä¢ tweets are my own.,6/22/2015 18:41,4276,1704,5877,TRUE,12/14/2020 19:23,"#BREAKING - just in from @OHAOregon on #COVID19 #vaccine:
-""Legacy Health is the first registered COVID-19 vaccine‚Ä¶ https://t.co/bUnTxDGqzZ","['BREAKING', 'COVID19', 'vaccine']",Twitter Web App,1,6,FALSE
1.34E+18,Joanbeam3000,La Belle Province,"Be yourself, everyone else is already taken. ~ Oscar Wilde     #Twinja",10/6/2014 4:28,2597,4988,338282,FALSE,12/14/2020 19:19,"@asifintoronto @ctvqp üôãüèº‚Äç‚ôÄÔ∏è Ruh-roh, Anita, I (also) saw/heard Michelle Rempel suggest -- during #QP, in the House‚Ä¶ https://t.co/KdH4QIrR4T",['QP'],Twitter Web App,3,16,FALSE
1.34E+18,KFDM News,"Beaumont, Texas",Providing news our viewers have been counting on for more than 50 years,2/9/2009 17:40,20014,1127,2550,TRUE,12/14/2020 19:05,KFDM‚Äôs/FOX 4‚Äôs @THEPAIGEREPORT1 is at Baptist hospital getting a first hand look at where the Pfizer COVID-19 vacci‚Ä¶ https://t.co/aPCqxD5wIA,,Twitter for iPhone,3,2,FALSE
1.34E+18,Next Shot,"California, USA",Too busy to read news? We got you covered. Next Shot - A flash news platform for the next generation.,11/13/2020 7:28,18,37,38,FALSE,12/14/2020 18:52,Canadian PM Justin Trudeau announced the arrival of the first of the vaccine vials in the country. #BioNTech #PfizerBioNTech,"['BioNTech', 'PfizerBioNTech']",Twitter for Android,0,0,FALSE
1.34E+18,Aru Sivananthan üá¨üáß üá¶üá∫,London,"Chair British #Tamil Conservatives, @BTConservatives, #HumanRights, #CivilLiberty, #FreeMarkets, Love #London, Second home #Sydney. Retweets Not Endorsement",7/3/2009 18:47,1066,735,4213,FALSE,12/14/2020 18:44,Privileged be offered the #PfizerBioNTech vaccine. I would encourage everyone to take it up. It‚Äôll help protect peo‚Ä¶ https://t.co/GSuAZ6F5YT,['PfizerBioNTech'],Twitter for iPhone,1,4,FALSE
1.34E+18,Meghna W,"New York, NY","Bougainvillea, pop art, sign boards and breakfast. Product gal. Wanderer at heart. Aspiring Social Entrepreneur.",6/10/2011 11:54,234,212,462,FALSE,12/14/2020 18:43,"One of the first vaccines receivers in the US. Momentous for science. Hope has arrived.
#COVID19 #CovidVaccine‚Ä¶ https://t.co/R3837E9SWS","['COVID19', 'CovidVaccine']",Twitter Web App,0,0,FALSE
1.34E+18,Jennifer Robson,"Portsmouth, England","Respiratory Specialist Physiotherapist with an interest in NIV , Tracheobronchomalacia, Excessive Dynamic Airways Collapse, COPD,  and Bronchiectasis",11/24/2012 4:14,197,204,1135,FALSE,12/14/2020 18:38,Half way there #COVID19 #CovidVaccine #vaccination #Pfizervaccine #PfizerBioNTech https://t.co/fQOSDAGOWD,"['COVID19', 'CovidVaccine', 'vaccination', 'Pfizervaccine', 'PfizerBioNTech']",Twitter for Android,0,4,FALSE
1.34E+18,Francesco Moscone,"England, Italy ",Economist interested in #health #healthcare #creditrisk #bigdata #network #econometrics . #cambridge #london #pescara #venezia #abruzzo #essex,5/22/2011 7:58,1693,989,8952,FALSE,12/14/2020 18:33,"Can‚Äôt wait to take my kids towards herd immunity üêë üêë ü•≥ü•≥
#vaccines #PfizerBioNTech https://t.co/IittbUgeNo","['vaccines', 'PfizerBioNTech']",Twitter for iPhone,0,0,FALSE
1.34E+18,India Blooms,India,A news and reference portal on India and a 24X7 news service,10/10/2009 11:19,16816,2448,20,FALSE,12/14/2020 18:27,"Toronto to receive Ontario's 1st doses of Pfizer COVID-19 vaccine today
https://t.co/Tt7qxCQqDY
#Ontario‚Ä¶ https://t.co/vacMDknWAV",['Ontario'],Twitter Web App,0,0,FALSE
1.34E+18,Evan Webeck,Oakland,SÃ∂pÃ∂oÃ∂rÃ∂tÃ∂sÃ∂ coronavirus reporter for @mercnews/@EastBayTimes. Formerly @seattletimes ‚õ∞. Contact: ewebeck@bayareanewsgroup.com.,12/2/2013 20:20,1296,543,10844,TRUE,12/14/2020 18:16,"There is some good news: The first doses of the #PfizerBioNTech vaccine arrived in California last night.

Gov. Gav‚Ä¶ https://t.co/cB3p7CivgW",['PfizerBioNTech'],TweetDeck,0,1,FALSE
1.34E+18,Human_9.0,Madchester,"Fighting For Freedom üá¨üáß üá∫üá∏ üá®üá¶ üá¶üá∫ üá≥üáø
I'm not a Q, left or right. I'm neutral.",10/7/2020 20:38,590,987,7609,FALSE,12/14/2020 18:08,WHERE IS THE PANDEMIC ? #PCRGATE #Condemic #BillGatesIsNotADoctor #PfizerBioNTech #Moderna #AstraZeneca‚Ä¶ https://t.co/4I7rhvI5es,"['PCRGATE', 'Condemic', 'BillGatesIsNotADoctor', 'PfizerBioNTech', 'Moderna', 'AstraZeneca']",Twitter Web App,0,2,FALSE
1.34E+18,Most Audacious Idol,,,11/29/2020 6:20,60,98,2076,FALSE,12/14/2020 18:03,Make vaccine companies liable again... #PfizerBioNTech  #pfizer #johnsonandtoxin #vaccinesarepoison‚Ä¶ https://t.co/gJC3BMYrKm,"['PfizerBioNTech', 'pfizer', 'johnsonandtoxin', 'vaccinesarepoison']",Twitter Web App,0,0,FALSE
1.34E+18,The New Dispatch,,News News and more News,8/23/2019 1:54,115,74,2,FALSE,12/14/2020 18:00,"The FDA Authorizes Emergency Use Of The Pfizer Vaccine
https://t.co/fqJizE0AQY
#PFE #Pfizer #Pfizervaccine‚Ä¶ https://t.co/xvD26pXMkI","['PFE', 'Pfizer', 'Pfizervaccine']",Twitter Web App,0,0,FALSE
